<?xml version="1.0"?>
<!--
************************************************************************
de Havilland DHC8-300Q
Oct 2008 Alex Park
FDM based on Sid Adams Twin Otter DHC6 adapted for the Dash8 - 300Q
************************************************************************
-->

<PropertyList include="dhc8-base.xml">
  <sim>
    <description>DHC8-300Q... or so you're told</description>
    <status>alpha</status>
    <rating>
      <FDM type="int">1</FDM>
      <systems type="int">0</systems>
      <cockpit type="int">2</cockpit>
      <model type="int">4</model>
    </rating>
    <tags>
      <tag>transport</tag>
      <tag>1980s</tag>
      <tag>1990s</tag>
      <tag>2000s</tag> <!-- production of this variant ended 2008, only the Q400 is still in production -->
      <tag>ifr</tag>
      <tag>retractable-gear</tag>
      <tag>tricycle</tag>
      <tag>propeller</tag>
      <tag>turboprop</tag>
      <tag>twin-engine</tag>
      <tag>variable-pitch</tag>
    </tags>
    <author>Alex Park</author>
    <flight-model>yasim</flight-model>
    <aero>dhc8</aero>
    <fuel-fraction>0.5</fuel-fraction>
    <startup>
      <splash-texture>Aircraft/dhc8/splash.rgb</splash-texture>
    </startup>

    <model>
      <path>Aircraft/dhc8/Models/dhc8-300Q.xml</path>
      <fallback-model-index type="int">155</fallback-model-index>
      <livery> 
        <file type="string"/> 
      </livery> 
      <remove-doors type="bool">0</remove-doors>
    </model>

    <menubar>
      <default>
        <menu n="10">
          <label>DHC-8</label>
          <enabled type="bool">true</enabled>
          <item>
            <label>Autostart</label>
            <binding>
              <command>property-toggle</command>
              <property>sim/model/start-idling</property>
            </binding>
          </item>
          <item>
            <label>Remove Rear Doors</label>
            <binding>
              <command>property-toggle</command>
              <property>sim/model/remove-doors</property>
            </binding>
          </item>
          <item>
            <label>Wipers On/Off</label>
            <binding>
              <command>property-toggle</command>
              <property>controls/electric/wipers/switch</property>
            </binding>
          </item>
          <item>
            <label>Select Livery</label>
            <binding>
              <command>nasal</command>
              <script>aircraft.livery.dialog.toggle()</script>
            </binding>
          </item>
        </menu>
      </default>
    </menubar>

  </sim>

  <controls>
    <gear>
      <brake-parking>1</brake-parking>
    </gear>
  </controls>

  <input>
    <keyboard>
      <key n="79">
        <name>O</name>
        <desc>Open aerotow hook</desc>
        <binding>
          <command>property-assign</command>
          <property>/sim/hitches/aerotow/open</property>
          <value type="bool">true</value>
        </binding>
      </key>
      <key n="111">
        <name>o</name>
        <desc>Lock aerotow hook</desc>
        <binding>
          <command>property-assign</command>
          <property>/sim/hitches/aerotow/open</property>
          <value type="bool">false</value>
        </binding>
      </key>
    </keyboard>
  </input>
  <input>
    <keyboard>
      <key n="127">
        <name>Delete</name>
        <desc>Toggle Reversers</desc>
        <binding>
          <command>nasal</command>
          <script>reversethrust.togglereverser()</script>
        </binding>
      </key>
    </keyboard>
  </input>

  <nasal>
    <dhc8>
      <file>Aircraft/dhc8/Nasal/Electrical.nas</file>
      <file>Aircraft/dhc8/Nasal/systems.nas</file>
      <file>Aircraft/dhc8/Nasal/vhf22.nas</file>
      <file>Aircraft/dhc8/Nasal/vir32.nas</file>
      <file>Aircraft/dhc8/Nasal/reverse-thrust.nas</file>
      <file>Aircraft/Instruments-3d/clock/M877/M877.nas</file>
    </dhc8>
  </nasal>

  <engines>
    <engine n="0">
      <rpm>1000</rpm>
      <reverser-position type="double">0.000000</reverser-position>
    </engine>
    <engine n="1">
      <rpm>1000</rpm>
      <reverser-position type="double">0.000000</reverser-position>
    </engine>
  </engines>

</PropertyList>
