<?xml version="1.0"?>
<!--
   *************************************************************************
   This file is part of ogeL.

    ogeL is free software; you can redistribute it and/or modify
    it under the terms of the GNU General Public License as published by
    the Free Software Foundation; either version 2 of the License, or
    (at your option) any later version.

    ogeL is distributed in the hope that it will be useful,
    but WITHOUT ANY WARRANTY; without even the implied warranty of
    MERCHANTABILITY or FITNESS FOR A PARTICULAR PURPOSE.  See the
    GNU General Public License for more details.

    You should have received a copy of the GNU General Public License
    along with ogeL; if not, write to the Free Software
    Foundation, Inc., 51 Franklin St, Fifth Floor, Boston, MA  02110-1301  USA
   *************************************************************************

  For more information see ogel-set.xml
  http://www.t3r.de/fg/ogel/
  
  $Revision$
-->
<?xml-stylesheet type="text/xsl" href="http://jsbsim.sourceforge.net/JSBSim.xsl"?>
<fdm_config name="ogel" version="2.0" release="PRODUCTION"
   xmlns:xsi="http://www.w3.org/2001/XMLSchema-instance"
   xsi:noNamespaceSchemaLocation="http://jsbsim.sourceforge.net/JSBSim.xsd">

 <fileheader>
  <author> Aeromatic v 0.9 </author>
  <filecreationdate>06-01-31 10:00</filecreationdate>
  <version> 1.0 </version>
  <description> Models a ogel experimental aircraft</description>
 </fileheader>

<!--
  File:     ogel.xml
  Inputs:
    name:          ogel
    type:          light single
    max weight:    1200 lb
    wing span:     32.19 ft
    length:        24.6 ft
    wing area:     unspecified
    gear type:     taildragger
    retractable?:  no
    # engines:     1
    engine type:   piston
    engine layout: forward fuselage
    yaw damper?    no

  Outputs:
    wing loading:  14.00 lb/sq-ft
    CL-alpha:      5 per radian
    CL-0:          0.25
    CL-max:        1.4
    CD-0:          0.028
    K:             0.04

-->

 <metrics>
   <wingarea  unit="FT2">   85.71 </wingarea>
   <wingspan  unit="FT" >   32.19 </wingspan>
   <wing_incidence>          2.00 </wing_incidence>
   <chord     unit="FT" >    2.66 </chord>
   <htailarea unit="FT2">   13.71 </htailarea>
   <htailarm  unit="FT" >   12.79 </htailarm>
   <vtailarea unit="FT2">    8.57 </vtailarea>
   <vtailarm  unit="FT" >   12.30 </vtailarm>
   <location name="AERORP" unit="IN">
     <x> 141.70 </x>
     <y>   0.00 </y>
     <z>   0.00 </z>
   </location>
   <location name="EYEPOINT" unit="IN">
     <x>  38.38 </x>
     <y> 0 </y>
     <z>  45.00 </z>
   </location>
   <location name="VRP" unit="IN">
     <x>0</x>
     <y>0</y>
     <z>0</z>
   </location>
 </metrics>

 <mass_balance>
   <ixx unit="SLUG*FT2">       422 </ixx>
   <iyy unit="SLUG*FT2">       438 </iyy>
   <izz unit="SLUG*FT2">       795 </izz>
   <ixy unit="SLUG*FT2">         0 </ixy>
   <ixz unit="SLUG*FT2">         0 </ixz>
   <iyz unit="SLUG*FT2">         0 </iyz>
   <emptywt unit="LBS" >       720 </emptywt>
   <location name="CG" unit="IN">
     <x> 141.70 </x>
     <y>   0.00 </y>
     <z>  -7.38 </z>
   </location>
 </mass_balance>

 <ground_reactions>

  <contact type="BOGEY" name="LEFT_MAIN">
   <location unit="IN">
     <x> 128.94 </x>
     <y> -34.77 </y>
     <z> -59.04 </z>
   </location>
   <static_friction>  0.80 </static_friction>
   <dynamic_friction> 0.50 </dynamic_friction>
   <rolling_friction> 0.02 </rolling_friction>
   <spring_coeff unit="LBS/FT">       1200.00 </spring_coeff>
   <damping_coeff unit="LBS/FT/SEC">   240.00 </damping_coeff>
   <max_steer unit="DEG">0</max_steer>
   <brake_group>LEFT</brake_group>
   <retractable>0</retractable>
 </contact>

  <contact type="BOGEY" name="RIGHT_MAIN">
   <location unit="IN">
     <x> 128.94 </x>
     <y>  34.77 </y>
     <z> -59.04 </z>
   </location>
   <static_friction>  0.80 </static_friction>
   <dynamic_friction> 0.50 </dynamic_friction>
   <rolling_friction> 0.02 </rolling_friction>
   <spring_coeff unit="LBS/FT">       1200.00 </spring_coeff>
   <damping_coeff unit="LBS/FT/SEC">   240.00 </damping_coeff>
   <max_steer unit="DEG">0</max_steer>
   <brake_group>RIGHT</brake_group>
   <retractable>0</retractable>
 </contact>

  <contact type="BOGEY" name="TAIL">
   <location unit="IN">
     <x> 268.63 </x>
     <y>   0.00 </y>
     <z> -17.71 </z>
   </location>
   <static_friction>  0.80 </static_friction>
   <dynamic_friction> 0.50 </dynamic_friction>
   <rolling_friction> 0.02 </rolling_friction>
   <spring_coeff unit="LBS/FT">       1200.00 </spring_coeff>
   <damping_coeff unit="LBS/FT/SEC">   100.00 </damping_coeff>
   <max_steer unit="DEG"> 5.00 </max_steer>
   <brake_group>NONE</brake_group>
   <retractable>0</retractable>
 </contact>

  <contact type="STRUCTURE" name="LEFT_WING">
    <location unit="IN">
     <x> 141.70 </x>
     <y> -16.09 </y>
     <z>  -7.38 </z>
    </location>
    <static_friction>  0.80 </static_friction>
    <dynamic_friction> 0.50 </dynamic_friction>
    <spring_coeff unit="LBS/FT">       1200.00 </spring_coeff>
    <damping_coeff unit="LBS/FT/SEC">   100.00 </damping_coeff>
 </contact>

  <contact type="STRUCTURE" name="RIGHT_WING">
    <location unit="IN">
     <x> 141.70 </x>
     <y>  16.09 </y>
     <z>  -7.38 </z>
    </location>
    <static_friction>  0.80 </static_friction>
    <dynamic_friction> 0.50 </dynamic_friction>
    <spring_coeff unit="LBS/FT">       1200.00 </spring_coeff>
    <damping_coeff unit="LBS/FT/SEC">   100.00 </damping_coeff>
 </contact>

  <contact type="STRUCTURE" name="NOSE">
   <location unit="IN">
     <x> -15.84 </x>
     <y>   0.00 </y>
     <z> -31.00 </z>
   </location>
   <static_friction>  0.80 </static_friction>
   <dynamic_friction> 0.50 </dynamic_friction>
   <spring_coeff unit="LBS/FT">       1200.00 </spring_coeff>
   <damping_coeff unit="LBS/FT/SEC">   100.00 </damping_coeff>
 </contact>

  <contact type="BOGEY" name="HEAD">
   <location unit="IN">
     <x> 143.79 </x>
     <y>   0.00 </y>
     <z> 134.14 </z>
   </location>
   <static_friction>  0.80 </static_friction>
   <dynamic_friction> 0.50 </dynamic_friction>
   <spring_coeff unit="LBS/FT">       1200.00 </spring_coeff>
   <damping_coeff unit="LBS/FT/SEC">   100.00 </damping_coeff>
 </contact>


 </ground_reactions>

 <propulsion>

   <engine file="200hp-jsbsim-2.0">
    <location unit="IN">
      <x>  36.00 </x>
      <y>   0.00 </y>
      <z>   0.00 </z>
    </location>
    <orient unit="DEG">
      <pitch> 0.00 </pitch>
      <roll>   0.00 </roll>
      <yaw>   0.00 </yaw>
    </orient>
    <feed>0</feed>
    <thruster file="8ftfixed-jsbsim-2.0">
     <location unit="IN">
       <x>  36.00 </x>
       <y>   0.00 </y>
       <z>   0.00 </z>
     </location>
     <orient unit="DEG">
       <pitch> 0.00 </pitch>
       <roll>   0.00 </roll>
       <yaw>   0.00 </yaw>
     </orient>
    </thruster>
  </engine>

  <tank type="FUEL" number="0">
     <location unit="IN">
       <x> 141.70 </x>
       <y>   0.00 </y>
       <z>  -7.38 </z>
     </location>
     <capacity unit="LBS"> 100.00 </capacity>
     <contents unit="LBS">  50.00 </contents>
  </tank>

  <tank type="FUEL" number="1">
     <location unit="IN">
       <x> 141.70 </x>
       <y>   0.00 </y>
       <z>  -7.38 </z>
     </location>
     <capacity unit="LBS"> 100.00 </capacity>
     <contents unit="LBS">  50.00 </contents>
  </tank>

 </propulsion>

 <flight_control name="FCS: ogel">

  <channel name="Pitch">
   <summer name="Pitch Trim Sum">
      <input>fcs/elevator-cmd-norm</input>
      <input>fcs/pitch-trim-cmd-norm</input>
      <clipto>
        <min> -1 </min>
        <max>  1 </max>
      </clipto>
   </summer>

   <aerosurface_scale name="Elevator Control">
      <input>fcs/pitch-trim-sum</input>
      <range>
        <min> -0.35 </min>
        <max>  0.30 </max>
      </range>
      <output>fcs/elevator-pos-rad</output>
   </aerosurface_scale>

  </channel>

  <channel name="Roll">
   <summer name="Roll Trim Sum">
      <input>fcs/aileron-cmd-norm</input>
      <input>fcs/roll-trim-cmd-norm</input>
      <clipto>
        <min> -1 </min>
        <max>  1 </max>
      </clipto>
   </summer>

   <aerosurface_scale name="Left Aileron Control">
      <input>fcs/roll-trim-sum</input>
      <range>
        <min> -0.35 </min>
        <max>  0.35 </max>
      </range>
      <output>fcs/left-aileron-pos-rad</output>
   </aerosurface_scale>

   <aerosurface_scale name="Right Aileron Control">
      <input>fcs/roll-trim-sum</input>
      <range>
        <min> -0.35 </min>
        <max>  0.35 </max>
      </range>
      <output>fcs/right-aileron-pos-rad</output>
   </aerosurface_scale>

  </channel>

  <channel name="Yaw">
   <summer name="Rudder Command Sum">
      <input>fcs/rudder-cmd-norm</input>
      <input>fcs/yaw-trim-cmd-norm</input>
      <limit>
        <min> -0.35 </min>
        <max>  0.35 </max>
      </limit>
   </summer>

   <aerosurface_scale name="Rudder Control">
      <input>fcs/rudder-command-sum</input>
      <range>
        <min> -0.35 </min>
        <max>  0.35 </max>
      </range>
      <output>fcs/rudder-pos-rad</output>
   </aerosurface_scale>

  </channel>

  <channel name="Flaps">
   <kinematic name="Flaps Control">
     <input>fcs/flap-cmd-norm</input>
     <traverse>
       <setting>
          <position>  0 </position>
          <time>      0 </time>
       </setting>
       <setting>
          <position> 15 </position>
          <time>      4 </time>
       </setting>
       <setting>
          <position> 30 </position>
          <time>      3 </time>
       </setting>
     </traverse>
     <output>fcs/flap-pos-deg</output>
   </kinematic>

  </channel>

  <channel name="Landing Gear">
  </channel>

  <channel name="Speedbrake">
   <kinematic name="Speedbrake Control">
     <input>fcs/speedbrake-cmd-norm</input>
     <traverse>
       <setting>
          <position> 0 </position>
          <time>     0 </time>
       </setting>
       <setting>
          <position> 1 </position>
          <time>     1 </time>
       </setting>
     </traverse>
     <output>fcs/speedbrake-pos-norm</output>
   </kinematic>

  </channel>

 </flight_control>

 <aerodynamics>

  <axis name="LIFT">

    <function name="aero/coefficient/CLalpha">
      <description>Lift_due_to_alpha</description>
      <product>
          <property>aero/qbar-psf</property>
          <property>metrics/Sw-sqft</property>
          <table>
            <independentVar lookup="row">aero/alpha-rad</independentVar>
            <tableData>
              -0.20 -0.750
               0.00 0.250
             0.23    1.400
               0.60 0.710
            </tableData>
          </table>
      </product>
    </function>

    <function name="aero/coefficient/dCLflap">
       <description>Delta_Lift_due_to_flaps</description>
       <product>
           <property>aero/qbar-psf</property>
           <property>metrics/Sw-sqft</property>
           <property>fcs/flap-pos-deg</property>
           <value> 0.01333 </value>
       </product>
    </function>

    <function name="aero/coefficient/dCLsb">
       <description>Delta_Lift_due_to_speedbrake</description>
       <product>
           <property>aero/qbar-psf</property>
           <property>metrics/Sw-sqft</property>
           <property>fcs/speedbrake-pos-norm</property>
           <value>0</value>
       </product>
    </function>

    <function name="aero/coefficient/CLde">
       <description>Lift_due_to_Elevator_Deflection</description>
       <product>
           <property>aero/qbar-psf</property>
           <property>metrics/Sw-sqft</property>
           <property>fcs/elevator-pos-rad</property>
           <value>0.2</value>
       </product>
    </function>

  </axis>

  <axis name="DRAG">

    <function name="aero/coefficient/CD0">
       <description>Drag_at_zero_lift</description>
       <product>
          <property>aero/qbar-psf</property>
          <property>metrics/Sw-sqft</property>
          <table>
            <independentVar lookup="row">aero/alpha-rad</independentVar>
            <tableData>
             -1.57       1.500
             -0.26    0.036
              0.00    0.028
              0.26    0.036
              1.57       1.500
            </tableData>
          </table>
       </product>
    </function>

    <function name="aero/coefficient/CDi">
       <description>Induced_drag</description>
         <product>
           <property>aero/qbar-psf</property>
           <property>metrics/Sw-sqft</property>
           <property>aero/cl-squared</property>
           <value>0.04</value>
         </product>
    </function>

    <function name="aero/coefficient/CDmach">
       <description>Drag_due_to_mach</description>
        <product>
          <property>aero/qbar-psf</property>
          <property>metrics/Sw-sqft</property>
          <table>
            <independentVar lookup="row">velocities/mach</independentVar>
            <tableData>
                0.00      0.000
                0.7      0.000
                1.10      0.023
                1.80      0.015
            </tableData>
          </table>
        </product>
    </function>

    <function name="aero/coefficient/CDflap">
       <description>Drag_due_to_flaps</description>
         <product>
           <property>aero/qbar-psf</property>
           <property>metrics/Sw-sqft</property>
           <property>fcs/flap-pos-deg</property>
           <value> 0.00100 </value>
         </product>
    </function>

    <function name="aero/coefficient/CDsb">
       <description>Drag_due_to_speedbrakes</description>
         <product>
           <property>aero/qbar-psf</property>
           <property>metrics/Sw-sqft</property>
           <property>fcs/speedbrake-pos-norm</property>
           <value>0.028</value>
         </product>
    </function>

    <function name="aero/coefficient/CDbeta">
       <description>Drag_due_to_sideslip</description>
       <product>
          <property>aero/qbar-psf</property>
          <property>metrics/Sw-sqft</property>
          <table>
            <independentVar lookup="row">aero/beta-rad</independentVar>
            <tableData>
              -1.57       1.230
              -0.26    0.050
               0.00       0.000
               0.26    0.050
               1.57       1.230
            </tableData>
          </table>
       </product>
    </function>

    <function name="aero/coefficient/CDde">
       <description>Drag_due_to_Elevator_Deflection</description>
       <product>
           <property>aero/qbar-psf</property>
           <property>metrics/Sw-sqft</property>
           <abs><property>fcs/elevator-pos-norm</property></abs>
           <value>0.04</value>
       </product>
    </function>

  </axis>

  <axis name="SIDE">

    <function name="aero/coefficient/CYb">
       <description>Side_force_due_to_beta</description>
       <product>
           <property>aero/qbar-psf</property>
           <property>metrics/Sw-sqft</property>
           <property>aero/beta-rad</property>
           <value>-1</value>
       </product>
    </function>

  </axis>

  <axis name="ROLL">

    <function name="aero/coefficient/Clb">
       <description>Roll_moment_due_to_beta</description>
       <product>
           <property>aero/qbar-psf</property>
           <property>metrics/Sw-sqft</property>
           <property>metrics/bw-ft</property>
           <property>aero/beta-rad</property>
           <value>-0.1</value>
       </product>
    </function>

    <function name="aero/coefficient/Clp">
       <description>Roll_moment_due_to_roll_rate</description>
       <product>
           <property>aero/qbar-psf</property>
           <property>metrics/Sw-sqft</property>
           <property>metrics/bw-ft</property>
           <property>aero/bi2vel</property>
           <property>velocities/p-aero-rad_sec</property>
           <value>-0.4</value>
       </product>
    </function>

    <function name="aero/coefficient/Clr">
       <description>Roll_moment_due_to_yaw_rate</description>
       <product>
           <property>aero/qbar-psf</property>
           <property>metrics/Sw-sqft</property>
           <property>metrics/bw-ft</property>
           <property>aero/bi2vel</property>
           <property>velocities/r-aero-rad_sec</property>
           <value>0.15</value>
       </product>
    </function>

    <function name="aero/coefficient/Clda">
       <description>Roll_moment_due_to_aileron</description>
       <product>
          <property>aero/qbar-psf</property>
          <property>metrics/Sw-sqft</property>
          <property>metrics/bw-ft</property>
          <property>fcs/left-aileron-pos-rad</property>
          <table>
            <independentVar lookup="row">velocities/mach</independentVar>
            <tableData>
              0.0    0.170
              2.0    0.057
            </tableData>
          </table>
       </product>
    </function>

    <function name="aero/coefficient/Cldr">
       <description>Roll_moment_due_to_rudder</description>
       <product>
           <property>aero/qbar-psf</property>
           <property>metrics/Sw-sqft</property>
           <property>metrics/bw-ft</property>
           <property>fcs/rudder-pos-rad</property>
           <value>0.01</value>
       </product>
    </function>

  </axis>

  <axis name="PITCH">

    <function name="aero/coefficient/Cmalpha">
       <description>Pitch_moment_due_to_alpha</description>
       <product>
           <property>aero/qbar-psf</property>
           <property>metrics/Sw-sqft</property>
           <property>metrics/cbarw-ft</property>
           <property>aero/alpha-rad</property>
           <value>-0.5</value>
       </product>
    </function>

    <function name="aero/coefficient/Cmde">
       <description>Pitch_moment_due_to_elevator</description>
       <product>
          <property>aero/qbar-psf</property>
          <property>metrics/Sw-sqft</property>
          <property>metrics/cbarw-ft</property>
          <property>fcs/elevator-pos-rad</property>
          <table>
            <independentVar lookup="row">velocities/mach</independentVar>
            <tableData>
              0.0     -1.100
              2.0     -0.275
            </tableData>
          </table>
       </product>
    </function>

    <function name="aero/coefficient/Cmq">
       <description>Pitch_moment_due_to_pitch_rate</description>
       <product>
           <property>aero/qbar-psf</property>
           <property>metrics/Sw-sqft</property>
           <property>metrics/cbarw-ft</property>
           <property>aero/ci2vel</property>
           <property>velocities/q-aero-rad_sec</property>
           <value>-12</value>
       </product>
    </function>

    <function name="aero/coefficient/Cmadot">
       <description>Pitch_moment_due_to_alpha_rate</description>
       <product>
           <property>aero/qbar-psf</property>
           <property>metrics/Sw-sqft</property>
           <property>metrics/cbarw-ft</property>
           <property>aero/ci2vel</property>
           <property>aero/alphadot-rad_sec</property>
           <value>-7</value>
       </product>
    </function>

  </axis>

  <axis name="YAW">

    <function name="aero/coefficient/Cnb">
       <description>Yaw_moment_due_to_beta</description>
       <product>
           <property>aero/qbar-psf</property>
           <property>metrics/Sw-sqft</property>
           <property>metrics/bw-ft</property>
           <property>aero/beta-rad</property>
           <value>0.12</value>
       </product>
    </function>

    <function name="aero/coefficient/Cnr">
       <description>Yaw_moment_due_to_yaw_rate</description>
       <product>
           <property>aero/qbar-psf</property>
           <property>metrics/Sw-sqft</property>
           <property>metrics/bw-ft</property>
           <property>aero/bi2vel</property>
           <property>velocities/r-aero-rad_sec</property>
           <value>-0.15</value>
       </product>
    </function>

    <function name="aero/coefficient/Cndr">
       <description>Yaw_moment_due_to_rudder</description>
       <product>
           <property>aero/qbar-psf</property>
           <property>metrics/Sw-sqft</property>
           <property>metrics/bw-ft</property>
           <property>fcs/rudder-pos-rad</property>
           <value>-0.1</value>
       </product>
    </function>

    <function name="aero/coefficient/Cnda">
       <description>Adverse_yaw</description>
       <product>
           <property>aero/qbar-psf</property>
           <property>metrics/Sw-sqft</property>
           <property>metrics/bw-ft</property>
           <property>fcs/left-aileron-pos-rad</property>
           <value>-0.01</value>
       </product>
    </function>

  </axis>

 </aerodynamics>

</fdm_config>

