<?xml version="1.0"?>

<PropertyList>

<path>adf.ac</path>

<animation>
    <type>material</type>
    <object-name>ADFface</object-name>
    <object-name>ADFneedle</object-name>
    <emission>
        <red>0.028</red>
        <green>0.014</green>
        <blue>0.007</blue>
        <factor-prop>systems/electrical/outputs/instrument-lights</factor-prop>
    </emission>
</animation>

<animation>
    <type>rotate</type>
    <object-name>ADFface</object-name>
    <property>instrumentation/adf/rotation-deg[0]</property>
    <factor>-1</factor>
    <axis>
        <x>-1</x>
        <y>0</y>
        <z>0</z>
    </axis>
</animation>

<animation>
    <type>rotate</type>
    <object-name>ADFneedle</object-name>
    <property>instrumentation/adf/indicated-bearing-deg</property>
    <axis>
        <x>-1</x>
        <y>0</y>
        <z>0</z>
    </axis>
</animation>

</PropertyList>


