<?xml version="1.0"?>
<PropertyList>


	<path>flapind.ac</path>

<!-- Lighting!  -->

 <animation>
  <type>material</type>
    <object-name>face</object-name> 
    <object-name>needle</object-name>
  <emission>
    <red>0.7</red>
    <green>0.7</green>
    <blue>0.7</blue>
	<factor-prop>controls/lighting/instruments-norm</factor-prop>
  </emission>
</animation>
 <animation>
  <type>material</type>
    <object-name>casing</object-name>
  <emission>
    <red>0.07</red>
    <green>.06</green>
    <blue>0.05</blue>
	<factor-prop>controls/lighting/dome-norm</factor-prop>
  </emission>
</animation>

	<animation>
		<type>rotate</type>
		<object-name>needle</object-name>
		<property>surface-positions/flap-pos-norm</property>

		<interpolation>
			<entry><ind>0</ind><dep>0</dep></entry>
			<entry><ind>0.143</ind><dep>40</dep></entry>
			<entry><ind>0.286</ind><dep>60</dep></entry>
			<entry><ind>0.429</ind><dep>79</dep></entry>
			<entry><ind>0.571</ind><dep>93</dep></entry>
			<entry><ind>0.714</ind><dep>128</dep></entry>
			<entry><ind>1</ind><dep>169</dep></entry>
		</interpolation>

		<center>
			<x-m>0</x-m>
			<y-m>0</y-m>
			<z-m>0</z-m>
		</center>

		<axis>
			<x>-1</x>
			<y>0</y>
			<z>0</z>
		</axis>

	</animation>

</PropertyList>

