<?xml version="1.0"?>
<!--Davtron M877 Chronometer-->

<PropertyList>

    <name>M877 hotspots</name>
    <w-base>60</w-base>
    <h-base>60</h-base>
    <w>60</w>
    <h>60</h>

    <layers>
    </layers>

    <actions>
<!--
        <action>
            <name>outline</name>
            <button>0</button>
            <x>-30</x>
            <y>-30</y>
            <w>60</w>
            <h>60</h>
        </action>
-->
        <action>
            <name>mode increment</name>
            <button>0</button>
            <x>-18</x>
            <y>-20</y>
            <w>12</w>
            <h>8</h>
            <binding>
                <command>property-adjust</command>
                <property>instrumentation/clock/m877/mode</property>
                <step>1</step>
                <min>0</min>
                <max>4</max>
                <wrap>true</wrap>
            </binding>
        </action>

        <action>
            <name>set time</name>
            <button>0</button>
            <x>-5</x>
            <y>-20</y>
            <w>9</w>
            <h>8</h>
            <binding>
            </binding>
        </action>

        <action>
            <name>increment time</name>
            <button>0</button>
            <x>5</x>
            <y>-20</y>
            <w>12</w>
            <h>8</h>
            <binding>
            </binding>
        </action>

    </actions>

</PropertyList>