<!--
   *************************************************************************
   This file is part of ogeL.

    ogeL is free software; you can redistribute it and/or modify
    it under the terms of the GNU General Public License as published by
    the Free Software Foundation; either version 2 of the License, or
    (at your option) any later version.

    ogeL is distributed in the hope that it will be useful,
    but WITHOUT ANY WARRANTY; without even the implied warranty of
    MERCHANTABILITY or FITNESS FOR A PARTICULAR PURPOSE.  See the
    GNU General Public License for more details.

    You should have received a copy of the GNU General Public License
    along with ogeL; if not, write to the Free Software
    Foundation, Inc., 51 Franklin St, Fifth Floor, Boston, MA  02110-1301  USA
   *************************************************************************

  For more information see ogel-set.xml or visit
  http://www.t3r.de/fg/ogel/
  
  $Revision$
-->

<!-- Generated by Aero-Matic v 0.8

     Inputs:
                horsepower: 200
                     pitch: fixed
            max engine rpm: 2700
        prop diameter (ft): 8

     Outputs:
              max prop rpm:2345.38
                gear ratio:   1.15
                       Cp0:0.023635
                       Ct0:0.020326
       static thrust (lbs): 302.51
-->

<propeller name="prop">
  <ixx> 3.9752 </ixx>
  <diameter unit="IN"> 96.0 </diameter>
  <numblades> 2 </numblades>
  <gearratio>1.15 </gearratio>

  <table name="C_THRUST" type="internal">
     <tableData>
       0.0  0.0203
       0.1  0.0195
       0.2  0.0186
       0.3  0.0172
       0.4  0.0154
       0.5  0.0136
       0.6  0.0110
       0.7  0.0083
       0.8  0.0045
       1.0  -0.0015
       1.2  -0.0080
       1.4  -0.0144
     </tableData>
  </table>


  <table name="C_POWER" type="internal">
     <tableData>
       0.0  0.0236
       0.1  0.0236
       0.2  0.0231
       0.3  0.0225
       0.4  0.0212
       0.5  0.0195
       0.6  0.0178
       0.7  0.0150
       0.8  0.0122
       1.0  0.0044
       1.2  -0.0070
       1.4  -0.0210
       1.6  -0.0357
     </tableData>
  </table>

</propeller>

